DELETE FROM Goods;
DELETE FROM Categories;
DELETE FROM GoodCategories;
GO

INSERT INTO Goods (Id, Name, Description, ImageUrl)
VALUES 
('F6CD8BC3-D5F1-E611-AE1C-902B341A5E5D', N'СУШИ СЕТ 1', N'ролл с лососем, чука салатом и ореховым соусом, ролл с лососем, креветкой и икрой летучей рыбы, бонито маки, ролл с курицей терияки и икрой летучей рыбы', 'http://res.cloudinary.com/dum4mjc9q/image/upload/v1486978069/1482829184_91621151_zrcheo.jpg'),
('F7CD8BC3-D5F1-E611-AE1C-902B341A5E5D', N'СУШИ СЕТ 2', N'ролл с копченым угрем, авокадо и омлетом, ролл с форелью копченой и красной икрой, ролл с лососем, авокадо и кунжутом, чука маки с ореховым соусом', 'http://res.cloudinary.com/dum4mjc9q/image/upload/v1486979797/1482829975_29716529_otpens.jpg' ),
('F8CD8BC3-D5F1-E611-AE1C-902B341A5E5D', N'Сэт на 2х НИГИРИ И ГУНКАНЫ', N'эби 2, унаги 2, сяке 2, тамаго нигири 2, чука гункан 2, японский гарнир 2', 'http://res.cloudinary.com/dum4mjc9q/image/upload/v1486979935/1463578281_59972431_z7gn2k.jpg'),
('F9CD8BC3-D5F1-E611-AE1C-902B341A5E5D', N'Калифорния маки', N'креветка тигровая, авокадо, огурец, майонез, тобика оранжевая, рис, нори', 'http://res.cloudinary.com/dum4mjc9q/image/upload/v1486980023/1463527416_78862497_gjo3vn.jpg'),
('FACD8BC3-D5F1-E611-AE1C-902B341A5E5D', N'Сяке унаги маки', N'лосось, угорь копченый, сыр сливочный, огурец, лук зеленый, рис, нори', 'http://res.cloudinary.com/dum4mjc9q/image/upload/v1486980046/1463527737_37945178_rc0wyx.jpg'),
('FBCD8BC3-D5F1-E611-AE1C-902B341A5E5D', N'Филадельфия агура маки', N'угорь копченый, сыр сливочный, омлет Тамаго, огурец, кунжут, соус Терияки, рис, нори', 'http://res.cloudinary.com/dum4mjc9q/image/upload/v1486980066/1463527901_87273676_e7a0bs.jpg'),
('FCCD8BC3-D5F1-E611-AE1C-902B341A5E5D', N'Японский гарнир', N'Соевый соус, имбирь розовый, васаби, лимон', 'http://res.cloudinary.com/dum4mjc9q/image/upload/v1486980866/1451981191_4500232_exj6l6.jpg'),
('FDCD8BC3-D5F1-E611-AE1C-902B341A5E5D', N'Васаби', N'Хрен Васаби, лимон', 'http://res.cloudinary.com/dum4mjc9q/image/upload/v1486980905/1447942920_48647628_prbqce.jpg'),
('FECD8BC3-D5F1-E611-AE1C-902B341A5E5D', N'Соевый соус', N'Соевый соус', 'http://res.cloudinary.com/dum4mjc9q/image/upload/v1486980976/1437731751_80620068_ajmr0h.jpg'),
('FFCD8BC3-D5F1-E611-AE1C-902B341A5E5D', N'Имбирь', N'маринованный имбирь', 'http://res.cloudinary.com/dum4mjc9q/image/upload/v1486981007/1447942936_85626851_sm2lhm.jpg'),
('EB7811BA-DCF1-E611-AE1C-902B341A5E5D', N'Палочки для еды', N'Палочки', 'http://res.cloudinary.com/dum4mjc9q/image/upload/v1486983672/shutterstock_119657713-727x522_xrhwwm.jpg'); 
GO 

INSERT INTO Configurations (Size, Weight, Price, ParentGoods_Id)
VALUES
(N'850 г', NULL, 27.90, 'F6CD8BC3-D5F1-E611-AE1C-902B341A5E5D'),
(N'830 г', NULL, 34.50, 'F7CD8BC3-D5F1-E611-AE1C-902B341A5E5D'),
(N'494 г', NULL, 21.90, 'F8CD8BC3-D5F1-E611-AE1C-902B341A5E5D'),
(N'190 г', NULL, 10.90, 'F9CD8BC3-D5F1-E611-AE1C-902B341A5E5D'),
(N'230 г', NULL, 12.90, 'FACD8BC3-D5F1-E611-AE1C-902B341A5E5D'),
(N'230 г', NULL, 8.60, 'FBCD8BC3-D5F1-E611-AE1C-902B341A5E5D'),
(N'40/20/12 г', NULL, 2.90, 'FCCD8BC3-D5F1-E611-AE1C-902B341A5E5D'),
(N'7/5 г', NULL, 0.90, 'FDCD8BC3-D5F1-E611-AE1C-902B341A5E5D'),
(N'40 мл', NULL, 1, 'FECD8BC3-D5F1-E611-AE1C-902B341A5E5D'),
(N'20 г', NULL, 1, 'FFCD8BC3-D5F1-E611-AE1C-902B341A5E5D'),
(N'2 шт', NULL, 0, 'EB7811BA-DCF1-E611-AE1C-902B341A5E5D');
GO

INSERT INTO Categories(Id, Name, ParentId)
VALUES
('789DAE1E-DDF1-E611-AE1C-902B341A5E5D', 'salads', NULL),
('799DAE1E-DDF1-E611-AE1C-902B341A5E5D', 'hot', NULL),
('7A9DAE1E-DDF1-E611-AE1C-902B341A5E5D', 'pizza', NULL),
('7B9DAE1E-DDF1-E611-AE1C-902B341A5E5D', 'sushi', NULL),
('7C9DAE1E-DDF1-E611-AE1C-902B341A5E5D', N'основное', NULL),
('7D9DAE1E-DDF1-E611-AE1C-902B341A5E5D', N'дополнительно', NULL),
('7E9DAE1E-DDF1-E611-AE1C-902B341A5E5D', N'специи', NULL),
('7F9DAE1E-DDF1-E611-AE1C-902B341A5E5D', N'соусы', NULL),
('809DAE1E-DDF1-E611-AE1C-902B341A5E5D', N'фрукты и овощи', '7C9DAE1E-DDF1-E611-AE1C-902B341A5E5D'),
('819DAE1E-DDF1-E611-AE1C-902B341A5E5D', N'морепродукты', '7C9DAE1E-DDF1-E611-AE1C-902B341A5E5D'),
('829DAE1E-DDF1-E611-AE1C-902B341A5E5D', N'мясо', '7C9DAE1E-DDF1-E611-AE1C-902B341A5E5D'),

('06CE8BC3-D5F1-E611-AE1C-902B341A5E5D', N'креветка тигровая', '819DAE1E-DDF1-E611-AE1C-902B341A5E5D'),
('07CE8BC3-D5F1-E611-AE1C-902B341A5E5D', N'лосось', '819DAE1E-DDF1-E611-AE1C-902B341A5E5D'),
('08CE8BC3-D5F1-E611-AE1C-902B341A5E5D', N'угорь копченый', '819DAE1E-DDF1-E611-AE1C-902B341A5E5D'),
('09CE8BC3-D5F1-E611-AE1C-902B341A5E5D', N'сыр сливочный', '7B9DAE1E-DDF1-E611-AE1C-902B341A5E5D'),
('0ACE8BC3-D5F1-E611-AE1C-902B341A5E5D', N'авокадо', '7F9DAE1E-DDF1-E611-AE1C-902B341A5E5D'),
('0BCE8BC3-D5F1-E611-AE1C-902B341A5E5D', N'огурец', '7F9DAE1E-DDF1-E611-AE1C-902B341A5E5D'),
('0CCE8BC3-D5F1-E611-AE1C-902B341A5E5D', N'лук зеленый', '7F9DAE1E-DDF1-E611-AE1C-902B341A5E5D'),
('0DCE8BC3-D5F1-E611-AE1C-902B341A5E5D', N'рис', '7F9DAE1E-DDF1-E611-AE1C-902B341A5E5D'),
('0ECE8BC3-D5F1-E611-AE1C-902B341A5E5D', N'кунжут', '7E9DAE1E-DDF1-E611-AE1C-902B341A5E5D'),
('0FCE8BC3-D5F1-E611-AE1C-902B341A5E5D', N'нори', '7B9DAE1E-DDF1-E611-AE1C-902B341A5E5D'),
('10CE8BC3-D5F1-E611-AE1C-902B341A5E5D', N'майонез', '7B9DAE1E-DDF1-E611-AE1C-902B341A5E5D'),
('11CE8BC3-D5F1-E611-AE1C-902B341A5E5D', N'соус Терияки', '7B9DAE1E-DDF1-E611-AE1C-902B341A5E5D'),
('12CE8BC3-D5F1-E611-AE1C-902B341A5E5D', N'тобика оранжевая', '7B9DAE1E-DDF1-E611-AE1C-902B341A5E5D'),
('13CE8BC3-D5F1-E611-AE1C-902B341A5E5D', N'омлет Тамаго', '7B9DAE1E-DDF1-E611-AE1C-902B341A5E5D'),
('A03ACF23-D7F1-E611-AE1C-902B341A5E5D', N'икра летучей рыбы', '7B9DAE1E-DDF1-E611-AE1C-902B341A5E5D'),
('A13ACF23-D7F1-E611-AE1C-902B341A5E5D', N'курица терияки', '7B9DAE1E-DDF1-E611-AE1C-902B341A5E5D'),
('A23ACF23-D7F1-E611-AE1C-902B341A5E5D', N'форель копченая', '7B9DAE1E-DDF1-E611-AE1C-902B341A5E5D'),
('A33ACF23-D7F1-E611-AE1C-902B341A5E5D', N'красная икра', '7B9DAE1E-DDF1-E611-AE1C-902B341A5E5D'),
('A43ACF23-D7F1-E611-AE1C-902B341A5E5D', N'ореховый соус', '7B9DAE1E-DDF1-E611-AE1C-902B341A5E5D'),
('A53ACF23-D7F1-E611-AE1C-902B341A5E5D', N'лимон', '809DAE1E-DDF1-E611-AE1C-902B341A5E5D');
GO

INSERT INTO GoodCategories(Good_Id, Category_Id)
VALUES
('F6CD8BC3-D5F1-E611-AE1C-902B341A5E5D', '7B9DAE1E-DDF1-E611-AE1C-902B341A5E5D'),
('F6CD8BC3-D5F1-E611-AE1C-902B341A5E5D', '07CE8BC3-D5F1-E611-AE1C-902B341A5E5D'),
('F6CD8BC3-D5F1-E611-AE1C-902B341A5E5D', '06CE8BC3-D5F1-E611-AE1C-902B341A5E5D'),
('F6CD8BC3-D5F1-E611-AE1C-902B341A5E5D', 'A03ACF23-D7F1-E611-AE1C-902B341A5E5D'),
('F6CD8BC3-D5F1-E611-AE1C-902B341A5E5D', 'A13ACF23-D7F1-E611-AE1C-902B341A5E5D'),

('F7CD8BC3-D5F1-E611-AE1C-902B341A5E5D', '7B9DAE1E-DDF1-E611-AE1C-902B341A5E5D'),
('F7CD8BC3-D5F1-E611-AE1C-902B341A5E5D', '08CE8BC3-D5F1-E611-AE1C-902B341A5E5D'),
('F7CD8BC3-D5F1-E611-AE1C-902B341A5E5D', '0ACE8BC3-D5F1-E611-AE1C-902B341A5E5D'),
('F7CD8BC3-D5F1-E611-AE1C-902B341A5E5D', '13CE8BC3-D5F1-E611-AE1C-902B341A5E5D'),
('F7CD8BC3-D5F1-E611-AE1C-902B341A5E5D', 'A23ACF23-D7F1-E611-AE1C-902B341A5E5D'),
('F7CD8BC3-D5F1-E611-AE1C-902B341A5E5D', 'A33ACF23-D7F1-E611-AE1C-902B341A5E5D'),
('F7CD8BC3-D5F1-E611-AE1C-902B341A5E5D', '07CE8BC3-D5F1-E611-AE1C-902B341A5E5D'),
('F7CD8BC3-D5F1-E611-AE1C-902B341A5E5D', '0ECE8BC3-D5F1-E611-AE1C-902B341A5E5D'),
('F7CD8BC3-D5F1-E611-AE1C-902B341A5E5D', 'A43ACF23-D7F1-E611-AE1C-902B341A5E5D'),

('F8CD8BC3-D5F1-E611-AE1C-902B341A5E5D', '7B9DAE1E-DDF1-E611-AE1C-902B341A5E5D'),
('F8CD8BC3-D5F1-E611-AE1C-902B341A5E5D', '07CE8BC3-D5F1-E611-AE1C-902B341A5E5D'),
('F8CD8BC3-D5F1-E611-AE1C-902B341A5E5D', '08CE8BC3-D5F1-E611-AE1C-902B341A5E5D'),
('F8CD8BC3-D5F1-E611-AE1C-902B341A5E5D', '09CE8BC3-D5F1-E611-AE1C-902B341A5E5D'),
('F8CD8BC3-D5F1-E611-AE1C-902B341A5E5D', '06CE8BC3-D5F1-E611-AE1C-902B341A5E5D'),
('F8CD8BC3-D5F1-E611-AE1C-902B341A5E5D', '12CE8BC3-D5F1-E611-AE1C-902B341A5E5D'),

('F9CD8BC3-D5F1-E611-AE1C-902B341A5E5D', '7B9DAE1E-DDF1-E611-AE1C-902B341A5E5D'),
('F9CD8BC3-D5F1-E611-AE1C-902B341A5E5D', '06CE8BC3-D5F1-E611-AE1C-902B341A5E5D'),
('F9CD8BC3-D5F1-E611-AE1C-902B341A5E5D', '0ACE8BC3-D5F1-E611-AE1C-902B341A5E5D'),
('F9CD8BC3-D5F1-E611-AE1C-902B341A5E5D', '0BCE8BC3-D5F1-E611-AE1C-902B341A5E5D'),
('F9CD8BC3-D5F1-E611-AE1C-902B341A5E5D', '10CE8BC3-D5F1-E611-AE1C-902B341A5E5D'),
('F9CD8BC3-D5F1-E611-AE1C-902B341A5E5D', '12CE8BC3-D5F1-E611-AE1C-902B341A5E5D'),
('F9CD8BC3-D5F1-E611-AE1C-902B341A5E5D', '0DCE8BC3-D5F1-E611-AE1C-902B341A5E5D'),
('F9CD8BC3-D5F1-E611-AE1C-902B341A5E5D', '0FCE8BC3-D5F1-E611-AE1C-902B341A5E5D'),

('FACD8BC3-D5F1-E611-AE1C-902B341A5E5D', '7B9DAE1E-DDF1-E611-AE1C-902B341A5E5D'),
('FACD8BC3-D5F1-E611-AE1C-902B341A5E5D', '08CE8BC3-D5F1-E611-AE1C-902B341A5E5D'),
('FACD8BC3-D5F1-E611-AE1C-902B341A5E5D', '09CE8BC3-D5F1-E611-AE1C-902B341A5E5D'),
('FACD8BC3-D5F1-E611-AE1C-902B341A5E5D', '0CCE8BC3-D5F1-E611-AE1C-902B341A5E5D'),
('FACD8BC3-D5F1-E611-AE1C-902B341A5E5D', '0DCE8BC3-D5F1-E611-AE1C-902B341A5E5D'),
('FACD8BC3-D5F1-E611-AE1C-902B341A5E5D', '0FCE8BC3-D5F1-E611-AE1C-902B341A5E5D'),

('FBCD8BC3-D5F1-E611-AE1C-902B341A5E5D', '7B9DAE1E-DDF1-E611-AE1C-902B341A5E5D'),
('FBCD8BC3-D5F1-E611-AE1C-902B341A5E5D', '08CE8BC3-D5F1-E611-AE1C-902B341A5E5D'),
('FBCD8BC3-D5F1-E611-AE1C-902B341A5E5D', '09CE8BC3-D5F1-E611-AE1C-902B341A5E5D'),
('FBCD8BC3-D5F1-E611-AE1C-902B341A5E5D', '13CE8BC3-D5F1-E611-AE1C-902B341A5E5D'),
('FBCD8BC3-D5F1-E611-AE1C-902B341A5E5D', '0ECE8BC3-D5F1-E611-AE1C-902B341A5E5D'),
('FBCD8BC3-D5F1-E611-AE1C-902B341A5E5D', '0BCE8BC3-D5F1-E611-AE1C-902B341A5E5D'),
('FBCD8BC3-D5F1-E611-AE1C-902B341A5E5D', '11CE8BC3-D5F1-E611-AE1C-902B341A5E5D'),
('FBCD8BC3-D5F1-E611-AE1C-902B341A5E5D', '0FCE8BC3-D5F1-E611-AE1C-902B341A5E5D'),
('FBCD8BC3-D5F1-E611-AE1C-902B341A5E5D', '0DCE8BC3-D5F1-E611-AE1C-902B341A5E5D'),

('FCCD8BC3-D5F1-E611-AE1C-902B341A5E5D', '7B9DAE1E-DDF1-E611-AE1C-902B341A5E5D'),
('FCCD8BC3-D5F1-E611-AE1C-902B341A5E5D', 'A53ACF23-D7F1-E611-AE1C-902B341A5E5D'),
('FCCD8BC3-D5F1-E611-AE1C-902B341A5E5D', '7D9DAE1E-DDF1-E611-AE1C-902B341A5E5D'),

('FDCD8BC3-D5F1-E611-AE1C-902B341A5E5D', '7B9DAE1E-DDF1-E611-AE1C-902B341A5E5D'),
('FDCD8BC3-D5F1-E611-AE1C-902B341A5E5D', 'A53ACF23-D7F1-E611-AE1C-902B341A5E5D'),
('FDCD8BC3-D5F1-E611-AE1C-902B341A5E5D', '7D9DAE1E-DDF1-E611-AE1C-902B341A5E5D'),

('FECD8BC3-D5F1-E611-AE1C-902B341A5E5D', '7B9DAE1E-DDF1-E611-AE1C-902B341A5E5D'),
('FECD8BC3-D5F1-E611-AE1C-902B341A5E5D', '7D9DAE1E-DDF1-E611-AE1C-902B341A5E5D'),

('FFCD8BC3-D5F1-E611-AE1C-902B341A5E5D', '7B9DAE1E-DDF1-E611-AE1C-902B341A5E5D'),
('FFCD8BC3-D5F1-E611-AE1C-902B341A5E5D', '7D9DAE1E-DDF1-E611-AE1C-902B341A5E5D'),

('EB7811BA-DCF1-E611-AE1C-902B341A5E5D', '7B9DAE1E-DDF1-E611-AE1C-902B341A5E5D'),
('EB7811BA-DCF1-E611-AE1C-902B341A5E5D', '7D9DAE1E-DDF1-E611-AE1C-902B341A5E5D');

GO